Conventions,G,BADC-CSV,1
title,G,uk-soil-temperature-obs
source,G,Met Office MIDAS database
creator,G,Met Office
activity,G,Met Office MIDAS Open: UK Land Surface Stations Data
feature_type,G,point series
collection_name,G,midas-open
collection_version_number,G,dataset-version-201908
history,G,Created 2019-08-20
last_revised_date,G,2019-08-20
observation_station,G,paisley
historic_county_name,G,renfrewshire
midas_station_id,G,00968
location,G,55.845,-4.431
height,G,32,m
date_valid,G,2002-01-01 00:00:00,2002-12-31 23:59:59
midas_qc_version_number,G,1
comments,G,The midas_qc_version_number indicates if the data are original received message (0) or current best version (1)
comments,G,This file contains station observations
comments,G,missing values are identified with the missing data flag
missing_value,G,NA
coordinate_variable,ob_time,t
long_name,ob_time,Date and time of observation,s
type,ob_time,char
comments,ob_time,Date and time (YYYY-MM-DD HH:MM:SS) of observation
long_name,id,station identifier,1
type,id,char
comments,id,a station may have more than one id assigned to it designated by the id_type
long_name,id_type,identifier type,1
type,id_type,char
comments,id_type,a station may have more than one id assigned to it defined by id_type
long_name,version_num,midas qc version number,1
type,version_num,int
comments,version_num,The midas_qc_version_number indicates if the data are original received message (0) or current best version (1)
long_name,met_domain_name,message type,1
type,met_domain_name,char
comments,met_domain_name,message type (see MIDAS documentation)
long_name,src_id,unique source identifier or station site number,1
type,src_id,int
comments,src_id,unique source identifier or station site number
long_name,rec_st_ind,state indicator for the record,1
type,rec_st_ind,int
comments,rec_st_ind,state indicator for the current stage in the life of the record (see MIDAS documentation)
long_name,q5cm_soil_temp,5cm soil temperature,degC
type,q5cm_soil_temp,float
long_name,q5cm_soil_temp_q,QC code: 5cm soil temperature,1
type,q5cm_soil_temp_q,int
long_name,q5cm_soil_temp_j,Descriptor: 5cm soil temperature,1
type,q5cm_soil_temp_j,char
long_name,q10cm_soil_temp,10cm soil temperature,degC
type,q10cm_soil_temp,float
long_name,q10cm_soil_temp_q,QC code: 10cm soil temperature,1
type,q10cm_soil_temp_q,int
long_name,q10cm_soil_temp_j,Descriptor: 10cm soil temperature,1
type,q10cm_soil_temp_j,char
long_name,q20cm_soil_temp,20cm soil temperature,degC
type,q20cm_soil_temp,float
long_name,q20cm_soil_temp_q,QC code: 20cm soil temperature,1
type,q20cm_soil_temp_q,int
long_name,q20cm_soil_temp_j,Descriptor: 20cm soil temperature,1
type,q20cm_soil_temp_j,char
long_name,q30cm_soil_temp,30cm soil temperature,degC
type,q30cm_soil_temp,float
long_name,q30cm_soil_temp_q,QC code: 30cm soil temperature,1
type,q30cm_soil_temp_q,int
long_name,q30cm_soil_temp_j,Descriptor: 30cm soil temperature,1
type,q30cm_soil_temp_j,char
long_name,q50cm_soil_temp,50cm soil temperature,degC
type,q50cm_soil_temp,float
long_name,q50cm_soil_temp_q,QC code: 50cm soil temperature,1
type,q50cm_soil_temp_q,int,
long_name,q50cm_soil_temp_j,Descriptor: 50cm soil temperature,1
type,q50cm_soil_temp_j,char
long_name,q100cm_soil_temp,100cm soil temperature,degC
type,q100cm_soil_temp,float
long_name,q100cm_soil_temp_q,QC code: 100cm soil temperature,1
type,q100cm_soil_temp_q,int
long_name,q100cm_soil_temp_j,Descriptor: 100cm soil temperature,1
type,q100cm_soil_temp_j,char
long_name,meto_stmp_time,Met Office receipt stamp time,s
type,meto_stmp_time,char
comments,meto_stmp_time,Met Office receipt stampe time in format (YYYY-MM-DD HH:MM:SS)
long_name,midas_stmp_etime,Elapsed time to storage in MIDAS,minutes
type,midas_stmp_etime,int
data
ob_time,id_type,id,met_domain_name,version_num,src_id,rec_st_ind,q5cm_soil_temp,q5cm_soil_temp_q,q5cm_soil_temp_j,q10cm_soil_temp,q10cm_soil_temp_q,q10cm_soil_temp_j,q20cm_soil_temp,q20cm_soil_temp_q,q20cm_soil_temp_j,q30cm_soil_temp,q30cm_soil_temp_q,q30cm_soil_temp_j,q50cm_soil_temp,q50cm_soil_temp_q,q50cm_soil_temp_j,q100cm_soil_temp,q100cm_soil_temp_q,q100cm_soil_temp_j,meto_stmp_time,midas_stmp_etime
2002-01-01 09:00:00,DCNN,6366,DLY3208,1,968,1011,NA,6,NA,NA,6,NA,NA,6,NA,2,6,NA,3.8,6,NA,6.8,6,NA,2002-02-13 13:29:00,1543
2002-01-02 09:00:00,DCNN,6366,DLY3208,1,968,1011,NA,6,NA,NA,6,NA,NA,6,NA,1.9,6,NA,3.5,6,NA,6.6,6,NA,2002-02-13 13:29:00,1544
2002-01-03 09:00:00,DCNN,6366,DLY3208,1,968,1011,NA,6,NA,NA,6,NA,NA,6,NA,1.5,6,NA,3.4,6,NA,6.5,6,NA,2002-02-13 13:29:00,1545
2002-01-04 09:00:00,DCNN,6366,DLY3208,1,968,1011,NA,6,NA,NA,6,NA,NA,6,NA,1.5,6,NA,3.3,6,NA,6.4,6,NA,2002-02-13 13:29:00,1545
2002-01-05 09:00:00,DCNN,6366,DLY3208,1,968,1011,NA,6,NA,NA,6,NA,NA,6,NA,1.5,6,NA,3.1,6,NA,6.2,6,NA,2002-02-13 13:29:00,1546
2002-01-06 09:00:00,DCNN,6366,DLY3208,1,968,1011,NA,6,NA,NA,6,NA,NA,6,NA,1.5,6,NA,3,6,NA,6.1,6,NA,2002-02-13 13:29:00,1547
2002-01-07 09:00:00,DCNN,6366,DLY3208,1,968,1011,NA,6,NA,NA,6,NA,NA,6,NA,1.5,6,NA,3,6,NA,6,6,NA,2002-02-13 13:29:00,1550
2002-01-08 09:00:00,DCNN,6366,DLY3208,1,968,1011,NA,6,NA,NA,6,NA,NA,6,NA,1.6,6,NA,2.9,6,NA,5.9,6,NA,2002-02-13 13:29:00,1551
2002-01-09 09:00:00,DCNN,6366,DLY3208,1,968,1011,NA,6,NA,NA,6,NA,NA,6,NA,2.4,6,NA,3.3,6,NA,5.9,6,NA,2002-02-13 13:29:00,1551
2002-01-10 09:00:00,DCNN,6366,DLY3208,1,968,1011,NA,6,NA,NA,6,NA,NA,6,NA,2.9,6,NA,3.7,6,NA,5.9,6,NA,2002-02-13 13:29:00,1552
2002-01-11 09:00:00,DCNN,6366,DLY3208,1,968,1011,NA,6,NA,NA,6,NA,NA,6,NA,3.3,6,NA,4,6,NA,6,6,NA,2002-02-13 13:29:00,1552
2002-01-12 09:00:00,DCNN,6366,DLY3208,1,968,1011,NA,6,NA,NA,6,NA,NA,6,NA,4.3,6,NA,4.5,6,NA,6.1,6,NA,2002-02-13 13:29:00,1553
2002-01-13 09:00:00,DCNN,6366,DLY3208,1,968,1011,NA,6,NA,NA,6,NA,NA,6,NA,5.1,6,NA,5,6,NA,6.3,6,NA,2002-02-13 13:29:00,1554
2002-01-14 09:00:00,DCNN,6366,DLY3208,1,968,1011,NA,6,NA,NA,6,NA,NA,6,NA,5.5,6,NA,5.4,6,NA,6.4,6,NA,2002-02-13 13:29:00,1555
2002-01-15 09:00:00,DCNN,6366,DLY3208,1,968,1011,NA,6,NA,NA,6,NA,NA,6,NA,5.7,6,NA,5.8,6,NA,6.5,6,NA,2002-02-13 13:29:00,1555
2002-01-16 09:00:00,DCNN,6366,DLY3208,1,968,1011,NA,6,NA,NA,6,NA,NA,6,NA,5.4,6,NA,5.7,6,NA,6.6,6,NA,2002-02-13 13:29:00,1556
2002-01-17 09:00:00,DCNN,6366,DLY3208,1,968,1011,NA,6,NA,NA,6,NA,NA,6,NA,5.6,6,NA,6,6,NA,6.8,6,NA,2002-02-13 13:29:00,1556
2002-01-18 09:00:00,DCNN,6366,DLY3208,1,968,1011,NA,6,NA,NA,6,NA,NA,6,NA,5.5,6,NA,6,6,NA,7,6,NA,2002-02-13 13:29:00,1557
2002-01-19 09:00:00,DCNN,6366,DLY3208,1,968,1011,NA,6,NA,NA,6,NA,NA,6,NA,5.5,6,NA,5.9,6,NA,7,6,NA,2002-02-13 13:29:00,1557
2002-01-20 09:00:00,DCNN,6366,DLY3208,1,968,1011,NA,6,NA,NA,6,NA,NA,6,NA,5.5,6,NA,5.9,6,NA,6.8,6,NA,2002-02-13 13:29:00,1558
2002-01-21 09:00:00,DCNN,6366,DLY3208,1,968,1011,NA,6,NA,NA,6,NA,NA,6,NA,6.2,6,NA,6.1,6,NA,7,6,NA,2002-02-13 13:29:00,1558
2002-01-22 09:00:00,DCNN,6366,DLY3208,1,968,1011,NA,6,NA,NA,6,NA,NA,6,NA,6.8,6,NA,6.6,6,NA,7,6,NA,2002-02-13 13:29:00,1559
2002-01-23 09:00:00,DCNN,6366,DLY3208,1,968,1011,NA,6,NA,NA,6,NA,NA,6,NA,6.3,6,NA,6.7,6,NA,7.1,6,NA,2002-02-13 13:29:00,1559
2002-01-24 09:00:00,DCNN,6366,DLY3208,1,968,1011,NA,6,NA,NA,6,NA,NA,6,NA,6.5,6,NA,6.7,6,NA,7.3,6,NA,2002-02-13 13:29:00,1559
2002-01-25 09:00:00,DCNN,6366,DLY3208,1,968,1011,NA,6,NA,NA,6,NA,NA,6,NA,5.2,6,NA,6.5,6,NA,7.4,6,NA,2002-02-13 13:29:00,1559
2002-01-26 09:00:00,DCNN,6366,DLY3208,1,968,1011,NA,6,NA,NA,6,NA,NA,6,NA,4.1,6,NA,5.5,6,NA,7.2,6,NA,2002-02-13 13:29:00,1559
2002-01-27 09:00:00,DCNN,6366,DLY3208,1,968,1011,NA,6,NA,NA,6,NA,NA,6,NA,4.6,6,NA,5.4,6,NA,6.8,6,NA,2002-02-13 13:29:00,1560
2002-01-28 09:00:00,DCNN,6366,DLY3208,1,968,1011,NA,6,NA,NA,6,NA,NA,6,NA,5.2,6,NA,5.5,6,NA,6.7,6,NA,2002-02-13 13:29:00,1560
2002-01-29 09:00:00,DCNN,6366,DLY3208,1,968,1011,NA,6,NA,NA,6,NA,NA,6,NA,5.4,6,NA,5.7,6,NA,6.7,6,NA,2002-02-13 13:29:00,1560
2002-01-30 09:00:00,DCNN,6366,DLY3208,1,968,1011,NA,6,NA,NA,6,NA,NA,6,NA,5.6,6,NA,5.9,6,NA,6.7,6,NA,2002-02-13 13:29:00,1560
2002-01-31 09:00:00,DCNN,6366,DLY3208,1,968,1011,NA,6,NA,NA,6,NA,NA,6,NA,5.7,6,NA,6,6,NA,6.8,6,NA,2002-02-13 13:29:00,1560
2002-02-01 09:00:00,DCNN,6366,DLY3208,1,968,1011,NA,6,NA,NA,6,NA,NA,6,NA,5.5,6,NA,5.9,6,NA,6.9,6,NA,2002-03-20 13:16:00,606
2002-02-02 09:00:00,DCNN,6366,DLY3208,1,968,1011,NA,6,NA,NA,6,NA,NA,6,NA,6,6,NA,6,6,NA,6.9,6,NA,2002-03-20 13:16:00,606
2002-02-03 09:00:00,DCNN,6366,DLY3208,1,968,1011,NA,6,NA,NA,6,NA,NA,6,NA,5.9,6,NA,6.2,6,NA,7,6,NA,2002-03-20 13:16:00,606
2002-02-04 09:00:00,DCNN,6366,DLY3208,1,968,1011,NA,6,NA,NA,6,NA,NA,6,NA,5.2,6,NA,6,6,NA,7,6,NA,2002-03-20 13:16:00,606
2002-02-05 09:00:00,DCNN,6366,DLY3208,1,968,1011,NA,6,NA,NA,6,NA,NA,6,NA,5.2,6,NA,5.8,6,NA,7,6,NA,2002-03-20 13:16:00,606
2002-02-06 09:00:00,DCNN,6366,DLY3208,1,968,1011,NA,6,NA,NA,6,NA,NA,6,NA,5.4,6,NA,5.9,6,NA,7,6,NA,2002-03-20 13:16:00,606
2002-02-07 09:00:00,DCNN,6366,DLY3208,1,968,1011,NA,6,NA,NA,6,NA,NA,6,NA,5,6,NA,5.8,6,NA,7,6,NA,2002-03-20 13:16:00,606
2002-02-08 09:00:00,DCNN,6366,DLY3208,1,968,1011,NA,6,NA,NA,6,NA,NA,6,NA,5.4,6,NA,5.8,6,NA,6.9,6,NA,2002-03-20 13:16:00,606
2002-02-09 09:00:00,DCNN,6366,DLY3208,1,968,1011,NA,6,NA,NA,6,NA,NA,6,NA,6,6,NA,6.1,6,NA,6.9,6,NA,2002-03-20 13:16:00,606
2002-02-10 09:00:00,DCNN,6366,DLY3208,1,968,1011,NA,6,NA,NA,6,NA,NA,6,NA,5.9,6,NA,6.3,6,NA,7,6,NA,2002-03-20 13:16:00,606
2002-02-11 09:00:00,DCNN,6366,DLY3208,1,968,1011,NA,6,NA,NA,6,NA,NA,6,NA,6.4,6,NA,6.3,6,NA,7.1,6,NA,2002-03-20 13:16:00,606
2002-02-12 09:00:00,DCNN,6366,DLY3208,1,968,1011,NA,6,NA,NA,6,NA,NA,6,NA,6.6,6,NA,6.6,6,NA,7.1,6,NA,2002-03-20 13:16:00,606
2002-02-13 09:00:00,DCNN,6366,DLY3208,1,968,1011,NA,6,NA,NA,6,NA,NA,6,NA,6.5,6,NA,6.8,6,NA,7.2,6,NA,2002-03-20 13:16:00,606
2002-02-14 09:00:00,DCNN,6366,DLY3208,1,968,1011,NA,6,NA,NA,6,NA,NA,6,NA,5.1,6,NA,6.4,6,NA,7.3,6,NA,2002-03-20 13:16:00,606
2002-02-15 09:00:00,DCNN,6366,DLY3208,1,968,1011,NA,6,NA,NA,6,NA,NA,6,NA,4.8,6,NA,5.9,6,NA,7.3,6,NA,2002-03-20 13:16:00,606
2002-02-16 09:00:00,DCNN,6366,DLY3208,1,968,1011,NA,6,NA,NA,6,NA,NA,6,NA,5.5,6,NA,5.9,6,NA,7.2,6,NA,2002-03-20 13:16:00,606
2002-02-17 09:00:00,DCNN,6366,DLY3208,1,968,1011,NA,6,NA,NA,6,NA,NA,6,NA,6,6,NA,6.2,6,NA,7.2,6,NA,2002-03-20 13:16:00,606
2002-02-18 09:00:00,DCNN,6366,DLY3208,1,968,1011,NA,6,NA,NA,6,NA,NA,6,NA,5.6,6,NA,6.3,6,NA,7.2,6,NA,2002-03-20 13:16:00,606
2002-02-19 09:00:00,DCNN,6366,DLY3208,1,968,1011,NA,6,NA,NA,6,NA,NA,6,NA,5.4,6,NA,6.1,6,NA,7.2,6,NA,2002-03-20 13:16:00,606
2002-02-20 09:00:00,DCNN,6366,DLY3208,1,968,1011,NA,6,NA,NA,6,NA,NA,6,NA,5.5,6,NA,6,6,NA,7.1,6,NA,2002-03-20 13:16:00,606
2002-02-21 09:00:00,DCNN,6366,DLY3208,1,968,1011,NA,6,NA,NA,6,NA,NA,6,NA,4.9,6,NA,5.8,6,NA,7,6,NA,2002-03-20 13:16:00,606
2002-02-22 09:00:00,DCNN,6366,DLY3208,1,968,1011,NA,6,NA,NA,6,NA,NA,6,NA,5.6,6,NA,5.8,6,NA,7,6,NA,2002-03-20 13:16:00,606
2002-02-23 09:00:00,DCNN,6366,DLY3208,1,968,1011,NA,6,NA,NA,6,NA,NA,6,NA,4.7,6,NA,5.7,6,NA,7,6,NA,2002-03-20 13:16:00,606
2002-02-24 09:00:00,DCNN,6366,DLY3208,1,968,1011,NA,6,NA,NA,6,NA,NA,6,NA,3.8,6,NA,5.2,6,NA,7,6,NA,2002-03-20 13:16:00,606
2002-02-25 09:00:00,DCNN,6366,DLY3208,1,968,1011,NA,6,NA,NA,6,NA,NA,6,NA,4,6,NA,5,6,NA,6.8,6,NA,2002-03-20 13:16:00,606
2002-02-26 09:00:00,DCNN,6366,DLY3208,1,968,1011,NA,6,NA,NA,6,NA,NA,6,NA,4.5,6,NA,5,6,NA,6.5,6,NA,2002-03-20 13:16:00,606
2002-02-27 09:00:00,DCNN,6366,DLY3208,1,968,1011,NA,6,NA,NA,6,NA,NA,6,NA,4.6,6,NA,5.2,6,NA,6.4,6,NA,2002-03-20 13:16:00,606
2002-02-28 09:00:00,DCNN,6366,DLY3208,1,968,1011,NA,6,NA,NA,6,NA,NA,6,NA,4.4,6,NA,5.1,6,NA,6.4,6,NA,2002-03-20 13:16:00,606
2002-03-01 09:00:00,DCNN,6366,DLY3208,1,968,1011,NA,6,NA,NA,6,NA,NA,6,NA,4,6,NA,5,6,NA,6.4,6,NA,2002-04-18 09:58:00,4960
2002-03-02 09:00:00,DCNN,6366,DLY3208,1,968,1011,NA,6,NA,NA,6,NA,NA,6,NA,3.4,6,NA,4.5,6,NA,6.4,6,NA,2002-04-18 09:58:00,4960
2002-03-03 09:00:00,DCNN,6366,DLY3208,1,968,1011,NA,6,NA,NA,6,NA,NA,6,NA,4.4,6,NA,4.7,6,NA,6.4,6,NA,2002-04-18 09:58:00,4960
2002-03-04 09:00:00,DCNN,6366,DLY3208,1,968,1011,NA,6,NA,NA,6,NA,NA,6,NA,5.5,6,NA,5.4,6,NA,6.4,6,NA,2002-04-18 09:58:00,4960
2002-03-05 09:00:00,DCNN,6366,DLY3208,1,968,1011,NA,6,NA,NA,6,NA,NA,6,NA,5.5,6,NA,5.7,6,NA,6.5,6,NA,2002-04-18 09:58:00,4960
2002-03-06 09:00:00,DCNN,6366,DLY3208,1,968,1011,NA,6,NA,NA,6,NA,NA,6,NA,6,6,NA,6,6,NA,6.6,6,NA,2002-04-18 09:58:00,4960
2002-03-07 09:00:00,DCNN,6366,DLY3208,1,968,1011,NA,6,NA,NA,6,NA,NA,6,NA,6.4,6,NA,6.4,6,NA,6.9,6,NA,2002-04-18 09:58:00,4960
2002-03-08 09:00:00,DCNN,6366,DLY3208,1,968,1011,NA,6,NA,NA,6,NA,NA,6,NA,6.4,6,NA,6.5,6,NA,7,6,NA,2002-04-18 09:58:00,4960
2002-03-09 09:00:00,DCNN,6366,DLY3208,1,968,1011,NA,6,NA,NA,6,NA,NA,6,NA,6.4,6,NA,6.7,6,NA,7.1,6,NA,2002-04-18 09:58:00,4960
2002-03-10 09:00:00,DCNN,6366,DLY3208,1,968,1011,NA,6,NA,NA,6,NA,NA,6,NA,5.5,6,NA,6.4,6,NA,7.1,6,NA,2002-04-18 09:58:00,4960
2002-03-11 09:00:00,DCNN,6366,DLY3208,1,968,1011,NA,6,NA,NA,6,NA,NA,6,NA,5,6,NA,5.9,6,NA,7,6,NA,2002-04-18 09:58:00,4960
2002-03-12 09:00:00,DCNN,6366,DLY3208,1,968,1011,NA,6,NA,NA,6,NA,NA,6,NA,5,6,NA,5.8,6,NA,6.9,6,NA,2002-04-18 09:58:00,4960
2002-03-13 09:00:00,DCNN,6366,DLY3208,1,968,1011,NA,6,NA,NA,6,NA,NA,6,NA,4.6,6,NA,5.7,6,NA,6.8,6,NA,2002-04-18 09:58:00,4960
2002-03-14 09:00:00,DCNN,6366,DLY3208,1,968,1011,NA,6,NA,NA,6,NA,NA,6,NA,4.2,6,NA,5.4,6,NA,6.8,6,NA,2002-04-18 09:58:00,4960
2002-03-15 09:00:00,DCNN,6366,DLY3208,1,968,1011,NA,6,NA,NA,6,NA,NA,6,NA,4.3,6,NA,5.3,6,NA,6.8,6,NA,2002-04-18 09:58:00,4960
2002-03-16 09:00:00,DCNN,6366,DLY3208,1,968,1011,NA,6,NA,NA,6,NA,NA,6,NA,4.6,6,NA,5.4,6,NA,6.9,6,NA,2002-04-18 09:58:00,4960
2002-03-17 09:00:00,DCNN,6366,DLY3208,1,968,1011,NA,6,NA,NA,6,NA,NA,6,NA,5.6,6,NA,5.8,6,NA,6.9,6,NA,2002-04-18 09:58:00,4960
2002-03-18 09:00:00,DCNN,6366,DLY3208,1,968,1011,NA,6,NA,NA,6,NA,NA,6,NA,6.5,6,NA,6.4,6,NA,6.9,6,NA,2002-04-18 09:58:00,4960
2002-03-19 09:00:00,DCNN,6366,DLY3208,1,968,1011,NA,6,NA,NA,6,NA,NA,6,NA,6.9,6,NA,6.8,6,NA,7,6,NA,2002-04-18 09:58:00,4960
2002-03-20 09:00:00,DCNN,6366,DLY3208,1,968,1011,NA,6,NA,NA,6,NA,NA,6,NA,6.7,6,NA,7,6,NA,7.2,6,NA,2002-04-18 09:58:00,4960
2002-03-21 09:00:00,DCNN,6366,DLY3208,1,968,1011,NA,6,NA,NA,6,NA,NA,6,NA,6.8,6,NA,7.1,6,NA,7.3,6,NA,2002-04-18 09:58:00,4960
2002-03-22 09:00:00,DCNN,6366,DLY3208,1,968,1011,NA,6,NA,NA,6,NA,NA,6,NA,7.4,6,NA,7.4,6,NA,7.4,6,NA,2002-04-18 09:58:00,4960
2002-03-23 09:00:00,DCNN,6366,DLY3208,1,968,1011,NA,6,NA,NA,6,NA,NA,6,NA,7.7,6,NA,7.7,6,NA,7.5,6,NA,2002-04-18 09:58:00,4960
2002-03-24 09:00:00,DCNN,6366,DLY3208,1,968,1011,NA,6,NA,NA,6,NA,NA,6,NA,7.9,6,NA,7.8,6,NA,7.6,6,NA,2002-04-18 09:58:00,4960
2002-03-25 09:00:00,DCNN,6366,DLY3208,1,968,1011,NA,6,NA,NA,6,NA,NA,6,NA,8.1,6,NA,8,6,NA,7.7,6,NA,2002-04-18 09:58:00,4960
2002-03-26 09:00:00,DCNN,6366,DLY3208,1,968,1011,NA,6,NA,NA,6,NA,NA,6,NA,7.7,6,NA,8.2,6,NA,7.8,6,NA,2002-04-18 09:58:00,4960
2002-03-27 09:00:00,DCNN,6366,DLY3208,1,968,1011,NA,6,NA,NA,6,NA,NA,6,NA,7.4,6,NA,8,6,NA,7.9,6,NA,2002-04-18 09:58:00,4960
2002-03-28 09:00:00,DCNN,6366,DLY3208,1,968,1011,NA,6,NA,NA,6,NA,NA,6,NA,7.6,6,NA,8,6,NA,7.8,6,NA,2002-04-18 09:58:00,4960
2002-03-29 09:00:00,DCNN,6366,DLY3208,1,968,1011,NA,6,NA,NA,6,NA,NA,6,NA,7.9,6,NA,8.3,6,NA,7.9,6,NA,2002-04-18 09:58:00,4960
2002-03-30 09:00:00,DCNN,6366,DLY3208,1,968,1011,NA,6,NA,NA,6,NA,NA,6,NA,7.7,6,NA,8.3,6,NA,7.9,6,NA,2002-04-18 09:58:00,4960
2002-03-31 09:00:00,DCNN,6366,DLY3208,1,968,1011,NA,6,NA,NA,6,NA,NA,6,NA,8.2,6,NA,8.4,6,NA,8,6,NA,2002-04-18 09:58:00,4960
2002-04-01 09:00:00,DCNN,6366,DLY3208,1,968,1011,NA,6,NA,NA,6,NA,NA,6,NA,9.3,6,NA,8.8,6,NA,8,6,NA,2002-05-17 12:56:00,7613
2002-04-02 09:00:00,DCNN,6366,DLY3208,1,968,1011,NA,6,NA,NA,6,NA,NA,6,NA,8.7,6,NA,9,6,NA,8.2,6,NA,2002-05-17 12:56:00,7613
2002-04-03 09:00:00,DCNN,6366,DLY3208,1,968,1011,NA,6,NA,NA,6,NA,NA,6,NA,9,6,NA,9,6,NA,8.4,6,NA,2002-05-17 12:56:00,7613
2002-04-04 09:00:00,DCNN,6366,DLY3208,1,968,1011,NA,6,NA,NA,6,NA,NA,6,NA,9.6,6,NA,9.3,6,NA,8.4,6,NA,2002-05-17 12:56:00,7613
2002-04-05 09:00:00,DCNN,6366,DLY3208,1,968,1011,NA,6,NA,NA,6,NA,NA,6,NA,9.9,6,NA,9.5,6,NA,8.5,6,NA,2002-05-17 12:56:00,7613
2002-04-06 09:00:00,DCNN,6366,DLY3208,1,968,1011,NA,6,NA,NA,6,NA,NA,6,NA,9.5,6,NA,9.6,6,NA,8.6,6,NA,2002-05-17 12:56:00,7613
2002-04-07 09:00:00,DCNN,6366,DLY3208,1,968,1011,NA,6,NA,NA,6,NA,NA,6,NA,9.3,6,NA,9.6,6,NA,8.7,6,NA,2002-05-17 12:56:00,7613
2002-04-08 09:00:00,DCNN,6366,DLY3208,1,968,1011,NA,6,NA,NA,6,NA,NA,6,NA,9.4,6,NA,9.7,6,NA,8.7,6,NA,2002-05-17 12:56:00,7613
2002-04-09 09:00:00,DCNN,6366,DLY3208,1,968,1011,NA,6,NA,NA,6,NA,NA,6,NA,9.7,6,NA,9.7,6,NA,8.8,6,NA,2002-05-17 12:56:00,7613
2002-04-10 09:00:00,DCNN,6366,DLY3208,1,968,1011,NA,6,NA,NA,6,NA,NA,6,NA,10.3,6,NA,10,6,NA,8.9,6,NA,2002-05-17 12:56:00,7613
2002-04-11 09:00:00,DCNN,6366,DLY3208,1,968,1011,NA,6,NA,NA,6,NA,NA,6,NA,10.2,6,NA,10.1,6,NA,9.1,6,NA,2002-05-17 12:56:00,7613
2002-04-12 09:00:00,DCNN,6366,DLY3208,1,968,1011,NA,6,NA,NA,6,NA,NA,6,NA,9.8,6,NA,9.9,6,NA,9,6,NA,2002-05-17 12:56:00,7613
2002-04-13 09:00:00,DCNN,6366,DLY3208,1,968,1011,NA,6,NA,NA,6,NA,NA,6,NA,10,6,NA,10.1,6,NA,9.2,6,NA,2002-05-17 12:56:00,7613
2002-04-14 09:00:00,DCNN,6366,DLY3208,1,968,1011,NA,6,NA,NA,6,NA,NA,6,NA,10,6,NA,10.1,6,NA,9.2,6,NA,2002-05-17 12:56:00,7613
2002-04-15 09:00:00,DCNN,6366,DLY3208,1,968,1011,NA,6,NA,NA,6,NA,NA,6,NA,9.6,6,NA,10.1,6,NA,9.2,6,NA,2002-05-17 12:56:00,7613
2002-04-16 09:00:00,DCNN,6366,DLY3208,1,968,1011,NA,6,NA,NA,6,NA,NA,6,NA,9.8,6,NA,9.8,6,NA,9.2,6,NA,2002-05-17 12:56:00,7613
2002-04-17 09:00:00,DCNN,6366,DLY3208,1,968,1011,NA,6,NA,NA,6,NA,NA,6,NA,9.8,6,NA,9.9,6,NA,8.9,6,NA,2002-05-17 12:56:00,7613
2002-04-18 09:00:00,DCNN,6366,DLY3208,1,968,1011,NA,6,NA,NA,6,NA,NA,6,NA,10.1,6,NA,10,6,NA,9.1,6,NA,2002-05-17 12:56:00,7613
2002-04-19 09:00:00,DCNN,6366,DLY3208,1,968,1011,NA,6,NA,NA,6,NA,NA,6,NA,9.8,6,NA,9.9,6,NA,9.3,6,NA,2002-05-17 12:56:00,7613
2002-04-20 09:00:00,DCNN,6366,DLY3208,1,968,1011,NA,6,NA,NA,6,NA,NA,6,NA,10.1,6,NA,10.1,6,NA,9.5,6,NA,2002-05-17 12:56:00,7613
2002-04-21 09:00:00,DCNN,6366,DLY3208,1,968,1011,NA,6,NA,NA,6,NA,NA,6,NA,10.1,6,NA,10.1,6,NA,9.6,6,NA,2002-05-17 12:56:00,7613
2002-04-22 09:00:00,DCNN,6366,DLY3208,1,968,1011,NA,6,NA,NA,6,NA,NA,6,NA,10.6,6,NA,10.2,6,NA,9.6,6,NA,2002-05-17 12:56:00,7613
2002-04-23 09:00:00,DCNN,6366,DLY3208,1,968,1011,NA,6,NA,NA,6,NA,NA,6,NA,10.7,6,NA,10.4,6,NA,9.5,6,NA,2002-05-17 12:56:00,7613
2002-04-24 09:00:00,DCNN,6366,DLY3208,1,968,1011,NA,6,NA,NA,6,NA,NA,6,NA,11.6,6,NA,10.8,6,NA,9.8,6,NA,2002-05-17 12:56:00,7613
2002-04-25 09:00:00,DCNN,6366,DLY3208,1,968,1011,NA,6,NA,NA,6,NA,NA,6,NA,11.6,6,NA,11,6,NA,9.8,6,NA,2002-05-17 12:56:00,7613
2002-04-26 09:00:00,DCNN,6366,DLY3208,1,968,1011,NA,6,NA,NA,6,NA,NA,6,NA,11.4,6,NA,11.1,6,NA,9.9,6,NA,2002-05-17 12:56:00,7613
2002-04-27 09:00:00,DCNN,6366,DLY3208,1,968,1011,NA,6,NA,NA,6,NA,NA,6,NA,11,6,NA,11,6,NA,10,6,NA,2002-05-17 12:56:00,7613
2002-04-28 09:00:00,DCNN,6366,DLY3208,1,968,1011,NA,6,NA,NA,6,NA,NA,6,NA,11.1,6,NA,11,6,NA,9.9,6,NA,2002-05-17 12:56:00,7613
2002-04-29 09:00:00,DCNN,6366,DLY3208,1,968,1011,NA,6,NA,NA,6,NA,NA,6,NA,10.4,6,NA,10.7,6,NA,9.8,6,NA,2002-05-17 12:56:00,7613
2002-04-30 09:00:00,DCNN,6366,DLY3208,1,968,1011,NA,6,NA,NA,6,NA,NA,6,NA,10.2,6,NA,10.5,6,NA,9.8,6,NA,2002-05-17 12:56:00,7613
2002-05-01 09:00:00,DCNN,6366,DLY3208,1,968,1011,NA,6,NA,NA,6,NA,NA,6,NA,9.5,6,NA,10.1,6,NA,9.6,6,NA,2002-06-19 23:10:00,5558
2002-05-02 09:00:00,DCNN,6366,DLY3208,1,968,1011,NA,6,NA,NA,6,NA,NA,6,NA,10.1,6,NA,10.1,6,NA,9.5,6,NA,2002-06-19 23:10:00,5558
2002-05-03 09:00:00,DCNN,6366,DLY3208,1,968,1011,NA,6,NA,NA,6,NA,NA,6,NA,10.5,6,NA,10.4,6,NA,9.6,6,NA,2002-06-19 23:10:00,5558
2002-05-04 09:00:00,DCNN,6366,DLY3208,1,968,1011,NA,6,NA,NA,6,NA,NA,6,NA,10.9,6,NA,10.7,6,NA,9.6,6,NA,2002-06-19 23:10:00,5558
2002-05-05 09:00:00,DCNN,6366,DLY3208,1,968,1011,NA,6,NA,NA,6,NA,NA,6,NA,11.1,6,NA,10.9,6,NA,9.9,6,NA,2002-06-19 23:10:00,5558
2002-05-06 09:00:00,DCNN,6366,DLY3208,1,968,1011,NA,6,NA,NA,6,NA,NA,6,NA,11.7,6,NA,11.4,6,NA,10,6,NA,2002-06-19 23:10:00,5558
2002-05-07 09:00:00,DCNN,6366,DLY3208,1,968,1011,NA,6,NA,NA,6,NA,NA,6,NA,12.2,6,NA,11.6,6,NA,10.2,6,NA,2002-06-19 23:10:00,5558
2002-05-08 09:00:00,DCNN,6366,DLY3208,1,968,1011,NA,6,NA,NA,6,NA,NA,6,NA,12.1,6,NA,11.7,6,NA,10.4,6,NA,2002-06-19 23:10:00,5558
2002-05-09 09:00:00,DCNN,6366,DLY3208,1,968,1011,NA,6,NA,NA,6,NA,NA,6,NA,12.2,6,NA,12,6,NA,10.6,6,NA,2002-06-19 23:10:00,5558
2002-05-10 09:00:00,DCNN,6366,DLY3208,1,968,1011,NA,6,NA,NA,6,NA,NA,6,NA,12,6,NA,11.8,6,NA,10.7,6,NA,2002-06-19 23:10:00,5558
2002-05-11 09:00:00,DCNN,6366,DLY3208,1,968,1011,NA,6,NA,NA,6,NA,NA,6,NA,12.4,6,NA,11.9,6,NA,10.7,6,NA,2002-06-19 23:10:00,5558
2002-05-12 09:00:00,DCNN,6366,DLY3208,1,968,1011,NA,6,NA,NA,6,NA,NA,6,NA,12.5,6,NA,12.2,6,NA,10.8,6,NA,2002-06-19 23:10:00,5558
2002-05-13 09:00:00,DCNN,6366,DLY3208,1,968,1011,NA,6,NA,NA,6,NA,NA,6,NA,13,6,NA,12.3,6,NA,10.7,6,NA,2002-06-19 23:10:00,5558
2002-05-14 09:00:00,DCNN,6366,DLY3208,1,968,1011,NA,6,NA,NA,6,NA,NA,6,NA,12.8,6,NA,12.6,6,NA,11,6,NA,2002-06-19 23:10:00,5558
2002-05-15 09:00:00,DCNN,6366,DLY3208,1,968,1011,NA,6,NA,NA,6,NA,NA,6,NA,12.4,6,NA,12.2,6,NA,10.9,6,NA,2002-06-19 23:10:00,60295
2002-05-16 09:00:00,DCNN,6366,DLY3208,1,968,1011,NA,6,NA,NA,6,NA,NA,6,NA,13.1,6,NA,12.4,6,NA,11.1,6,NA,2002-06-19 23:10:00,5558
2002-05-17 09:00:00,DCNN,6366,DLY3208,1,968,1011,NA,6,NA,NA,6,NA,NA,6,NA,13.9,6,NA,13,6,NA,11.3,6,NA,2002-06-19 23:10:00,5558
2002-05-18 09:00:00,DCNN,6366,DLY3208,1,968,1011,NA,6,NA,NA,6,NA,NA,6,NA,13.1,6,NA,12.8,6,NA,11.3,6,NA,2002-06-19 23:10:00,5558
2002-05-19 09:00:00,DCNN,6366,DLY3208,1,968,1011,NA,6,NA,NA,6,NA,NA,6,NA,12.7,6,NA,12.6,6,NA,11.3,6,NA,2002-06-19 23:10:00,5558
2002-05-20 09:00:00,DCNN,6366,DLY3208,1,968,1011,NA,6,NA,NA,6,NA,NA,6,NA,12.8,6,NA,12.5,6,NA,11.4,6,NA,2002-06-19 23:10:00,5558
2002-05-21 09:00:00,DCNN,6366,DLY3208,1,968,1011,NA,6,NA,NA,6,NA,NA,6,NA,12.9,6,NA,12.6,6,NA,11.2,6,NA,2002-06-19 23:10:00,5558
2002-05-22 09:00:00,DCNN,6366,DLY3208,1,968,1011,NA,6,NA,NA,6,NA,NA,6,NA,13.2,6,NA,12.7,6,NA,11.5,6,NA,2002-06-19 23:10:00,5558
2002-05-23 09:00:00,DCNN,6366,DLY3208,1,968,1011,NA,6,NA,NA,6,NA,NA,6,NA,13.4,6,NA,12.9,6,NA,11.5,6,NA,2002-06-19 23:10:00,5558
2002-05-24 09:00:00,DCNN,6366,DLY3208,1,968,1011,NA,6,NA,NA,6,NA,NA,6,NA,13.7,6,NA,13.1,6,NA,11.7,6,NA,2002-06-19 23:10:00,5558
2002-05-25 09:00:00,DCNN,6366,DLY3208,1,968,1011,NA,6,NA,NA,6,NA,NA,6,NA,13.6,6,NA,13.2,6,NA,11.6,6,NA,2002-06-19 23:10:00,5558
2002-05-26 09:00:00,DCNN,6366,DLY3208,1,968,1011,NA,6,NA,NA,6,NA,NA,6,NA,13.4,6,NA,13.3,6,NA,11.6,6,NA,2002-06-19 23:10:00,5558
2002-05-27 09:00:00,DCNN,6366,DLY3208,1,968,1011,NA,6,NA,NA,6,NA,NA,6,NA,14,6,NA,13.2,6,NA,11.6,6,NA,2002-06-19 23:10:00,5558
2002-05-28 09:00:00,DCNN,6366,DLY3208,1,968,1011,NA,6,NA,NA,6,NA,NA,6,NA,13.8,6,NA,13.6,6,NA,11.7,6,NA,2002-06-19 23:10:00,5558
2002-05-29 09:00:00,DCNN,6366,DLY3208,1,968,1011,NA,6,NA,NA,6,NA,NA,6,NA,13.8,6,NA,13.6,6,NA,11.7,6,NA,2002-06-19 23:10:00,5558
2002-05-30 09:00:00,DCNN,6366,DLY3208,1,968,1011,NA,6,NA,NA,6,NA,NA,6,NA,13.6,6,NA,13.4,6,NA,11.7,6,NA,2002-06-19 23:10:00,5558
2002-05-31 09:00:00,DCNN,6366,DLY3208,1,968,1011,NA,6,NA,NA,6,NA,NA,6,NA,13.8,6,NA,13.4,6,NA,11.7,6,NA,2002-06-19 23:10:00,5558
2002-06-01 09:00:00,DCNN,6366,DLY3208,1,968,1011,NA,6,NA,NA,6,NA,NA,6,NA,14.2,6,NA,13.5,6,NA,11.8,6,NA,2002-07-11 08:11:00,5003
2002-06-02 09:00:00,DCNN,6366,DLY3208,1,968,1011,NA,6,NA,NA,6,NA,NA,6,NA,14.8,6,NA,13.8,6,NA,12,6,NA,2002-07-11 08:11:00,5003
2002-06-03 09:00:00,DCNN,6366,DLY3208,1,968,1011,NA,6,NA,NA,6,NA,NA,6,NA,14.9,6,NA,14.1,6,NA,12.1,6,NA,2002-07-11 08:11:00,5003
2002-06-04 09:00:00,DCNN,6366,DLY3208,1,968,1011,NA,6,NA,NA,6,NA,NA,6,NA,15,6,NA,14.4,6,NA,12.3,6,NA,2002-07-11 08:11:00,5003
2002-06-05 09:00:00,DCNN,6366,DLY3208,1,968,1011,NA,6,NA,NA,6,NA,NA,6,NA,14.7,6,NA,14.3,6,NA,12.5,6,NA,2002-07-11 08:11:00,5003
2002-06-06 09:00:00,DCNN,6366,DLY3208,1,968,1011,NA,6,NA,NA,6,NA,NA,6,NA,15.2,6,NA,14.4,6,NA,12.5,6,NA,2002-07-11 08:11:00,5003
2002-06-07 09:00:00,DCNN,6366,DLY3208,1,968,1011,NA,6,NA,NA,6,NA,NA,6,NA,16.1,6,NA,14.9,6,NA,12.6,6,NA,2002-07-11 08:11:00,5003
2002-06-08 09:00:00,DCNN,6366,DLY3208,1,968,1011,NA,6,NA,NA,6,NA,NA,6,NA,15.7,6,NA,15,6,NA,12.9,6,NA,2002-07-11 08:11:00,5003
2002-06-09 09:00:00,DCNN,6366,DLY3208,1,968,1011,NA,6,NA,NA,6,NA,NA,6,NA,15.6,6,NA,15,6,NA,12.9,6,NA,2002-07-11 08:11:00,5003
2002-06-10 09:00:00,DCNN,6366,DLY3208,1,968,1011,NA,6,NA,NA,6,NA,NA,6,NA,14.7,6,NA,14.6,6,NA,12.9,6,NA,2002-07-11 08:11:00,5003
2002-06-11 09:00:00,DCNN,6366,DLY3208,1,968,1011,NA,6,NA,NA,6,NA,NA,6,NA,14.5,6,NA,14.3,6,NA,12.7,6,NA,2002-07-11 08:11:00,5003
2002-06-12 09:00:00,DCNN,6366,DLY3208,1,968,1011,NA,6,NA,NA,6,NA,NA,6,NA,14.4,6,NA,14.2,6,NA,12.7,6,NA,2002-07-11 08:11:00,5004
2002-06-13 09:00:00,DCNN,6366,DLY3208,1,968,1011,NA,6,NA,NA,6,NA,NA,6,NA,14.5,6,NA,14.1,6,NA,12.6,6,NA,2002-07-11 08:11:00,5004
2002-06-14 09:00:00,DCNN,6366,DLY3208,1,968,1011,NA,6,NA,NA,6,NA,NA,6,NA,14.7,6,NA,14.2,6,NA,12.7,6,NA,2002-07-11 08:11:00,5004
2002-06-15 09:00:00,DCNN,6366,DLY3208,1,968,1011,NA,6,NA,NA,6,NA,NA,6,NA,14.5,6,NA,14.2,6,NA,12.8,6,NA,2002-07-11 08:11:00,5004
2002-06-16 09:00:00,DCNN,6366,DLY3208,1,968,1011,NA,6,NA,NA,6,NA,NA,6,NA,15.2,6,NA,14.5,6,NA,13,6,NA,2002-07-11 08:11:00,5004
2002-06-17 09:00:00,DCNN,6366,DLY3208,1,968,1011,NA,6,NA,NA,6,NA,NA,6,NA,15.5,6,NA,14.8,6,NA,13.1,6,NA,2002-07-11 08:11:00,5004
2002-06-18 09:00:00,DCNN,6366,DLY3208,1,968,1011,NA,6,NA,NA,6,NA,NA,6,NA,16.1,6,NA,15.2,6,NA,13.3,6,NA,2002-07-11 08:11:00,5004
2002-06-19 09:00:00,DCNN,6366,DLY3208,1,968,1011,NA,6,NA,NA,6,NA,NA,6,NA,16.2,6,NA,15.5,6,NA,13.5,6,NA,2002-07-11 08:11:00,5004
2002-06-20 09:00:00,DCNN,6366,DLY3208,1,968,1011,NA,6,NA,NA,6,NA,NA,6,NA,16.4,6,NA,15.7,6,NA,13.6,6,NA,2002-07-11 08:11:00,5004
2002-06-21 09:00:00,DCNN,6366,DLY3208,1,968,1011,NA,6,NA,NA,6,NA,NA,6,NA,16.1,6,NA,15.6,6,NA,13.6,6,NA,2002-07-11 08:11:00,5004
2002-06-22 09:00:00,DCNN,6366,DLY3208,1,968,1011,NA,6,NA,NA,6,NA,NA,6,NA,15.8,6,NA,13.3,6,NA,13.6,6,NA,2002-07-11 08:11:00,5004
2002-06-23 09:00:00,DCNN,6366,DLY3208,1,968,1011,NA,6,NA,NA,6,NA,NA,6,NA,16.1,6,NA,15.5,6,NA,13.7,6,NA,2002-07-11 08:11:00,5004
2002-06-24 09:00:00,DCNN,6366,DLY3208,1,968,1011,NA,6,NA,NA,6,NA,NA,6,NA,16.1,6,NA,15.5,6,NA,13.7,6,NA,2002-07-11 08:11:00,5004
2002-06-25 09:00:00,DCNN,6366,DLY3208,1,968,1011,NA,6,NA,NA,6,NA,NA,6,NA,15.8,6,NA,15.5,6,NA,13.9,6,NA,2002-07-11 08:11:00,5004
2002-06-26 09:00:00,DCNN,6366,DLY3208,1,968,1011,NA,6,NA,NA,6,NA,NA,6,NA,15.6,6,NA,15.2,6,NA,13.8,6,NA,2002-07-11 08:11:00,5004
2002-06-27 09:00:00,DCNN,6366,DLY3208,1,968,1011,NA,6,NA,NA,6,NA,NA,6,NA,15.8,6,NA,15.5,6,NA,14,6,NA,2002-07-11 08:11:00,5004
2002-06-28 09:00:00,DCNN,6366,DLY3208,1,968,1011,NA,6,NA,NA,6,NA,NA,6,NA,15.9,6,NA,15.6,6,NA,14,6,NA,2002-07-11 08:11:00,5004
2002-06-29 09:00:00,DCNN,6366,DLY3208,1,968,1011,NA,6,NA,NA,6,NA,NA,6,NA,15.8,6,NA,15.5,6,NA,14,6,NA,2002-07-11 08:11:00,5004
2002-06-30 09:00:00,DCNN,6366,DLY3208,1,968,1011,NA,6,NA,NA,6,NA,NA,6,NA,15.6,6,NA,15.4,6,NA,14,6,NA,2002-07-11 08:11:00,56336
2002-07-01 09:00:00,DCNN,6366,DLY3208,1,968,1011,NA,6,NA,NA,6,NA,NA,6,NA,15.1,6,NA,15,6,NA,13.8,6,NA,2002-08-14 17:06:00,6841
2002-07-02 09:00:00,DCNN,6366,DLY3208,1,968,1011,NA,6,NA,NA,6,NA,NA,6,NA,15.1,6,NA,14.9,6,NA,13.7,6,NA,2002-08-14 17:06:00,6841
2002-07-03 09:00:00,DCNN,6366,DLY3208,1,968,1011,NA,6,NA,NA,6,NA,NA,6,NA,15.5,6,NA,15,6,NA,13.6,6,NA,2002-08-14 17:06:00,6841
2002-07-04 09:00:00,DCNN,6366,DLY3208,1,968,1011,NA,6,NA,NA,6,NA,NA,6,NA,15.8,6,NA,15.2,6,NA,13.8,6,NA,2002-08-14 17:06:00,6841
2002-07-05 09:00:00,DCNN,6366,DLY3208,1,968,1011,NA,6,NA,NA,6,NA,NA,6,NA,15.9,6,NA,15.4,6,NA,13.9,6,NA,2002-08-14 17:06:00,6841
2002-07-06 09:00:00,DCNN,6366,DLY3208,1,968,1011,NA,6,NA,NA,6,NA,NA,6,NA,16.3,6,NA,15.6,6,NA,14,6,NA,2002-08-14 17:06:00,6841
2002-07-07 09:00:00,DCNN,6366,DLY3208,1,968,1011,NA,6,NA,NA,6,NA,NA,6,NA,16,6,NA,15.6,6,NA,14.1,6,NA,2002-08-14 17:06:00,6841
2002-07-08 09:00:00,DCNN,6366,DLY3208,1,968,1011,NA,6,NA,NA,6,NA,NA,6,NA,16.3,6,NA,15.8,6,NA,14.2,6,NA,2002-08-14 17:06:00,6841
2002-07-09 09:00:00,DCNN,6366,DLY3208,1,968,1011,NA,6,NA,NA,6,NA,NA,6,NA,16.4,6,NA,15.8,6,NA,14.2,6,NA,2002-08-14 17:06:00,6841
2002-07-10 09:00:00,DCNN,6366,DLY3208,1,968,1011,NA,6,NA,NA,6,NA,NA,6,NA,16.4,6,NA,15.8,6,NA,14.2,6,NA,2002-08-14 17:06:00,6841
2002-07-11 09:00:00,DCNN,6366,DLY3208,1,968,1011,NA,6,NA,NA,6,NA,NA,6,NA,16.3,6,NA,15.8,6,NA,14.3,6,NA,2002-08-14 17:06:00,6841
2002-07-12 09:00:00,DCNN,6366,DLY3208,1,968,1011,NA,6,NA,NA,6,NA,NA,6,NA,16.5,6,NA,15.9,6,NA,14.4,6,NA,2002-08-14 17:06:00,6841
2002-07-13 09:00:00,DCNN,6366,DLY3208,1,968,1011,NA,6,NA,NA,6,NA,NA,6,NA,16.7,6,NA,16.1,6,NA,14.5,6,NA,2002-08-14 17:06:00,6841
2002-07-14 09:00:00,DCNN,6366,DLY3208,1,968,1011,NA,6,NA,NA,6,NA,NA,6,NA,17.2,6,NA,16.4,6,NA,14.6,6,NA,2002-08-14 17:06:00,6841
2002-07-15 09:00:00,DCNN,6366,DLY3208,1,968,1011,NA,6,NA,NA,6,NA,NA,6,NA,17.2,6,NA,16.5,6,NA,14.7,6,NA,2002-08-14 17:06:00,6841
2002-07-16 09:00:00,DCNN,6366,DLY3208,1,968,1011,NA,6,NA,NA,6,NA,NA,6,NA,17,6,NA,16.5,6,NA,14.8,6,NA,2002-08-14 17:06:00,6841
2002-07-17 09:00:00,DCNN,6366,DLY3208,1,968,1011,NA,6,NA,NA,6,NA,NA,6,NA,17.1,6,NA,16.5,6,NA,14.9,6,NA,2002-08-14 17:06:00,6841
2002-07-18 09:00:00,DCNN,6366,DLY3208,1,968,1011,NA,6,NA,NA,6,NA,NA,6,NA,17.1,6,NA,16.5,6,NA,15,6,NA,2002-08-14 17:06:00,6841
2002-07-19 09:00:00,DCNN,6366,DLY3208,1,968,1011,NA,6,NA,NA,6,NA,NA,6,NA,17.5,6,NA,16.7,6,NA,15.2,6,NA,2002-08-14 17:06:00,6841
2002-07-20 09:00:00,DCNN,6366,DLY3208,1,968,1011,NA,6,NA,NA,6,NA,NA,6,NA,16.9,6,NA,16.6,6,NA,15.4,6,NA,2002-08-14 17:06:00,6841
2002-07-21 09:00:00,DCNN,6366,DLY3208,1,968,1011,NA,6,NA,NA,6,NA,NA,6,NA,16.4,6,NA,16.4,6,NA,15.3,6,NA,2002-08-14 17:06:00,6841
2002-07-22 09:00:00,DCNN,6366,DLY3208,1,968,1011,NA,6,NA,NA,6,NA,NA,6,NA,16.9,6,NA,16.4,6,NA,15.3,6,NA,2002-08-14 17:06:00,6841
2002-07-23 09:00:00,DCNN,6366,DLY3208,1,968,1011,NA,6,NA,NA,6,NA,NA,6,NA,17,6,NA,16.5,6,NA,15.4,6,NA,2002-08-14 17:06:00,6841
2002-07-24 09:00:00,DCNN,6366,DLY3208,1,968,1011,NA,6,NA,NA,6,NA,NA,6,NA,16.9,6,NA,16.6,6,NA,15.4,6,NA,2002-08-14 17:06:00,6841
2002-07-25 09:00:00,DCNN,6366,DLY3208,1,968,1011,NA,6,NA,NA,6,NA,NA,6,NA,16.9,6,NA,16.6,6,NA,15.4,6,NA,2002-08-14 17:06:00,6841
2002-07-26 09:00:00,DCNN,6366,DLY3208,1,968,1011,NA,6,NA,NA,6,NA,NA,6,NA,16.4,6,NA,16.4,6,NA,15.4,6,NA,2002-08-14 17:06:00,6841
2002-07-27 09:00:00,DCNN,6366,DLY3208,1,968,1011,NA,6,NA,NA,6,NA,NA,6,NA,16.1,6,NA,16.2,6,NA,15.4,6,NA,2002-08-14 17:06:00,6841
2002-07-28 09:00:00,DCNN,6366,DLY3208,1,968,1011,NA,6,NA,NA,6,NA,NA,6,NA,16.6,6,NA,16.2,6,NA,15.4,6,NA,2002-08-14 17:06:00,6841
2002-07-29 09:00:00,DCNN,6366,DLY3208,1,968,1011,NA,6,NA,NA,6,NA,NA,6,NA,16.8,6,NA,16.4,6,NA,15.5,6,NA,2002-08-14 17:06:00,6841
2002-07-30 09:00:00,DCNN,6366,DLY3208,1,968,1011,NA,6,NA,NA,6,NA,NA,6,NA,17,6,NA,16.5,6,NA,15.5,6,NA,2002-08-14 17:06:00,60656
2002-07-31 09:00:00,DCNN,6366,DLY3208,1,968,1011,NA,6,NA,NA,6,NA,NA,6,NA,17.4,6,NA,16.8,6,NA,15.5,6,NA,2002-08-14 17:06:00,6841
2002-08-01 09:00:00,DCNN,6366,DLY3208,1,968,1011,NA,6,NA,NA,6,NA,NA,6,NA,17.4,6,NA,16.9,6,NA,15.6,6,NA,2002-09-18 09:04:00,736
2002-08-02 09:00:00,DCNN,6366,DLY3208,1,968,1011,NA,6,NA,NA,6,NA,NA,6,NA,18.2,6,NA,17.3,6,NA,15.7,6,NA,2002-09-18 09:04:00,737
2002-08-03 09:00:00,DCNN,6366,DLY3208,1,968,1011,NA,6,NA,NA,6,NA,NA,6,NA,18.6,6,NA,17.7,6,NA,15.9,6,NA,2002-09-18 09:04:00,737
2002-08-04 09:00:00,DCNN,6366,DLY3208,1,968,1011,NA,6,NA,NA,6,NA,NA,6,NA,18.4,6,NA,17.7,6,NA,15.9,6,NA,2002-09-18 09:04:00,737
2002-08-05 09:00:00,DCNN,6366,DLY3208,1,968,1011,NA,6,NA,NA,6,NA,NA,6,NA,18.9,6,NA,18,6,NA,16,6,NA,2002-09-18 09:04:00,737
2002-08-06 09:00:00,DCNN,6366,DLY3208,1,968,1011,NA,6,NA,NA,6,NA,NA,6,NA,19.1,6,NA,18.2,6,NA,16.1,6,NA,2002-09-18 09:04:00,737
2002-08-07 09:00:00,DCNN,6366,DLY3208,1,968,1011,NA,6,NA,NA,6,NA,NA,6,NA,19.6,6,NA,18.6,6,NA,16.4,6,NA,2002-09-18 09:04:00,737
2002-08-08 09:00:00,DCNN,6366,DLY3208,1,968,1011,NA,6,NA,NA,6,NA,NA,6,NA,19,6,NA,18.6,6,NA,16.4,6,NA,2002-09-18 09:04:00,738
2002-08-09 09:00:00,DCNN,6366,DLY3208,1,968,1011,NA,6,NA,NA,6,NA,NA,6,NA,18.5,6,NA,18.2,6,NA,16.4,6,NA,2002-09-18 09:04:00,738
2002-08-10 09:00:00,DCNN,6366,DLY3208,1,968,1011,NA,6,NA,NA,6,NA,NA,6,NA,18,6,NA,17.8,6,NA,16.4,6,NA,2002-09-18 09:04:00,738
2002-08-11 09:00:00,DCNN,6366,DLY3208,1,968,1011,NA,6,NA,NA,6,NA,NA,6,NA,17.8,6,NA,17.6,6,NA,16.5,6,NA,2002-09-18 09:04:00,738
2002-08-12 09:00:00,DCNN,6366,DLY3208,1,968,1011,NA,6,NA,NA,6,NA,NA,6,NA,17.4,6,NA,17.4,6,NA,16.4,6,NA,2002-09-18 09:04:00,738
2002-08-13 09:00:00,DCNN,6366,DLY3208,1,968,1011,NA,6,NA,NA,6,NA,NA,6,NA,17.6,6,NA,17.4,6,NA,16.4,6,NA,2002-09-18 09:04:00,738
2002-08-14 09:00:00,DCNN,6366,DLY3208,1,968,1011,NA,6,NA,NA,6,NA,NA,6,NA,17.9,6,NA,17.5,6,NA,16.4,6,NA,2002-09-18 09:04:00,738
2002-08-15 09:00:00,DCNN,6366,DLY3208,1,968,1011,NA,6,NA,NA,6,NA,NA,6,NA,17.6,6,NA,17.5,6,NA,16.4,6,NA,2002-09-18 09:04:00,738
2002-08-16 09:00:00,DCNN,6366,DLY3208,1,968,1011,NA,6,NA,NA,6,NA,NA,6,NA,17.9,6,NA,17.6,6,NA,16.5,6,NA,2002-09-18 09:04:00,738
2002-08-17 09:00:00,DCNN,6366,DLY3208,1,968,1011,NA,6,NA,NA,6,NA,NA,6,NA,17.7,6,NA,17.5,6,NA,16.5,6,NA,2002-09-18 09:04:00,738
2002-08-18 09:00:00,DCNN,6366,DLY3208,1,968,1011,NA,6,NA,NA,6,NA,NA,6,NA,17.7,6,NA,17.5,6,NA,16.5,6,NA,2002-09-18 09:04:00,738
2002-08-19 09:00:00,DCNN,6366,DLY3208,1,968,1011,NA,6,NA,NA,6,NA,NA,6,NA,17.1,6,NA,17.4,6,NA,16.5,6,NA,2002-09-18 09:04:00,738
2002-08-20 09:00:00,DCNN,6366,DLY3208,1,968,1011,NA,6,NA,NA,6,NA,NA,6,NA,17,6,NA,17.2,6,NA,16.4,6,NA,2002-09-18 09:04:00,738
2002-08-21 09:00:00,DCNN,6366,DLY3208,1,968,1011,NA,6,NA,NA,6,NA,NA,6,NA,17,6,NA,17.2,6,NA,16.4,6,NA,2002-09-18 09:04:00,738
2002-08-22 09:00:00,DCNN,6366,DLY3208,1,968,1011,NA,6,NA,NA,6,NA,NA,6,NA,17.1,6,NA,17.2,6,NA,16.3,6,NA,2002-09-18 09:04:00,738
2002-08-23 09:00:00,DCNN,6366,DLY3208,1,968,1011,NA,6,NA,NA,6,NA,NA,6,NA,17.5,6,NA,17.4,6,NA,16.4,6,NA,2002-09-18 09:04:00,738
2002-08-24 09:00:00,DCNN,6366,DLY3208,1,968,1011,NA,6,NA,NA,6,NA,NA,6,NA,17.3,6,NA,17.4,6,NA,16.4,6,NA,2002-09-18 09:04:00,738
2002-08-25 09:00:00,DCNN,6366,DLY3208,1,968,1011,NA,6,NA,NA,6,NA,NA,6,NA,17.3,6,NA,17.4,6,NA,16.4,6,NA,2002-09-18 09:04:00,738
2002-08-26 09:00:00,DCNN,6366,DLY3208,1,968,1011,NA,6,NA,NA,6,NA,NA,6,NA,17.4,6,NA,17.4,6,NA,16.5,6,NA,2002-09-18 09:04:00,738
2002-08-27 09:00:00,DCNN,6366,DLY3208,1,968,1011,NA,6,NA,NA,6,NA,NA,6,NA,17.3,6,NA,17.5,6,NA,16.5,6,NA,2002-09-18 09:04:00,738
2002-08-28 09:00:00,DCNN,6366,DLY3208,1,968,1011,NA,6,NA,NA,6,NA,NA,6,NA,17.4,6,NA,17.5,6,NA,16.5,6,NA,2002-09-18 09:04:00,738
2002-08-29 09:00:00,DCNN,6366,DLY3208,1,968,1011,NA,6,NA,NA,6,NA,NA,6,NA,17.7,6,NA,17.5,6,NA,16.6,6,NA,2002-09-18 09:04:00,738
2002-08-30 09:00:00,DCNN,6366,DLY3208,1,968,1011,NA,6,NA,NA,6,NA,NA,6,NA,17.5,6,NA,17.6,6,NA,16.7,6,NA,2002-09-18 09:04:00,738
2002-08-31 09:00:00,DCNN,6366,DLY3208,1,968,1011,NA,6,NA,NA,6,NA,NA,6,NA,16.9,6,NA,17.3,6,NA,16.7,6,NA,2002-09-18 09:04:00,738
2002-09-01 09:00:00,DCNN,6366,DLY3208,1,968,1011,NA,6,NA,NA,6,NA,NA,6,NA,16.3,6,NA,16.9,6,NA,16.6,6,NA,2002-10-10 09:23:00,4936
2002-09-02 09:00:00,DCNN,6366,DLY3208,1,968,1011,NA,6,NA,NA,6,NA,NA,6,NA,16,6,NA,16.6,6,NA,16.5,6,NA,2002-10-10 09:23:00,4936
2002-09-03 09:00:00,DCNN,6366,DLY3208,1,968,1011,NA,6,NA,NA,6,NA,NA,6,NA,16,6,NA,16.6,6,NA,16.4,6,NA,2002-10-10 09:23:00,4936
2002-09-04 09:00:00,DCNN,6366,DLY3208,1,968,1011,NA,6,NA,NA,6,NA,NA,6,NA,16.4,6,NA,16.7,6,NA,16.5,6,NA,2002-10-10 09:23:00,4936
2002-09-05 09:00:00,DCNN,6366,DLY3208,1,968,1011,NA,6,NA,NA,6,NA,NA,6,NA,16.4,6,NA,16.5,6,NA,16.4,6,NA,2002-10-10 09:23:00,4936
2002-09-06 09:00:00,DCNN,6366,DLY3208,1,968,1011,NA,6,NA,NA,6,NA,NA,6,NA,16,6,NA,16.5,6,NA,16.3,6,NA,2002-10-10 09:23:00,4936
2002-09-07 09:00:00,DCNN,6366,DLY3208,1,968,1011,NA,6,NA,NA,6,NA,NA,6,NA,15.6,6,NA,16.3,6,NA,16.1,6,NA,2002-10-10 09:23:00,4936
2002-09-08 09:00:00,DCNN,6366,DLY3208,1,968,1011,NA,6,NA,NA,6,NA,NA,6,NA,15.1,6,NA,15.8,6,NA,15.9,6,NA,2002-10-10 09:23:00,4936
2002-09-09 09:00:00,DCNN,6366,DLY3208,1,968,1011,NA,6,NA,NA,6,NA,NA,6,NA,15.1,6,NA,15.6,6,NA,15.5,6,NA,2002-10-10 09:23:00,4936
2002-09-10 09:00:00,DCNN,6366,DLY3208,1,968,1011,NA,6,NA,NA,6,NA,NA,6,NA,15,6,NA,15.3,6,NA,15.5,6,NA,2002-10-10 09:23:00,4936
2002-09-11 09:00:00,DCNN,6366,DLY3208,1,968,1011,NA,6,NA,NA,6,NA,NA,6,NA,15,6,NA,15.5,6,NA,15.6,6,NA,2002-10-10 09:23:00,4936
2002-09-12 09:00:00,DCNN,6366,DLY3208,1,968,1011,NA,6,NA,NA,6,NA,NA,6,NA,15,6,NA,15.4,6,NA,15.5,6,NA,2002-10-10 09:23:00,4936
2002-09-13 09:00:00,DCNN,6366,DLY3208,1,968,1011,NA,6,NA,NA,6,NA,NA,6,NA,15.4,6,NA,15.5,6,NA,15.6,6,NA,2002-10-10 09:23:00,4936
2002-09-14 09:00:00,DCNN,6366,DLY3208,1,968,1011,NA,6,NA,NA,6,NA,NA,6,NA,15.5,6,NA,15.8,6,NA,15.6,6,NA,2002-10-10 09:23:00,4936
2002-09-15 09:00:00,DCNN,6366,DLY3208,1,968,1011,NA,6,NA,NA,6,NA,NA,6,NA,15.4,6,NA,15.9,6,NA,15.6,6,NA,2002-10-10 09:23:00,4936
2002-09-16 09:00:00,DCNN,6366,DLY3208,1,968,1011,NA,6,NA,NA,6,NA,NA,6,NA,15.6,6,NA,15.8,6,NA,15.6,6,NA,2002-10-10 09:23:00,4936
2002-09-17 09:00:00,DCNN,6366,DLY3208,1,968,1011,NA,6,NA,NA,6,NA,NA,6,NA,15.6,6,NA,16,6,NA,15.7,6,NA,2002-10-10 09:23:00,4936
2002-09-18 09:00:00,DCNN,6366,DLY3208,1,968,1011,NA,6,NA,NA,6,NA,NA,6,NA,15.5,6,NA,15.8,6,NA,15.6,6,NA,2002-10-10 09:23:00,4936
2002-09-19 09:00:00,DCNN,6366,DLY3208,1,968,1011,NA,6,NA,NA,6,NA,NA,6,NA,15.6,6,NA,15.8,6,NA,15.5,6,NA,2002-10-10 09:23:00,4936
2002-09-20 09:00:00,DCNN,6366,DLY3208,1,968,1011,NA,6,NA,NA,6,NA,NA,6,NA,15.4,6,NA,15.8,6,NA,15.5,6,NA,2002-10-10 09:23:00,4936
2002-09-21 09:00:00,DCNN,6366,DLY3208,1,968,1011,NA,6,NA,NA,6,NA,NA,6,NA,14.8,6,NA,15.6,6,NA,15.5,6,NA,2002-10-10 09:23:00,4936
2002-09-22 09:00:00,DCNN,6366,DLY3208,1,968,1011,NA,6,NA,NA,6,NA,NA,6,NA,14.5,6,NA,15.4,6,NA,15.5,6,NA,2002-10-10 09:23:00,4936
2002-09-23 09:00:00,DCNN,6366,DLY3208,1,968,1011,NA,6,NA,NA,6,NA,NA,6,NA,13.8,6,NA,15.1,6,NA,15.5,6,NA,2002-10-10 09:23:00,4936
2002-09-24 09:00:00,DCNN,6366,DLY3208,1,968,1011,NA,6,NA,NA,6,NA,NA,6,NA,13.4,6,NA,15,6,NA,15.5,6,NA,2002-10-10 09:23:00,4936
2002-09-25 09:00:00,DCNN,6366,DLY3208,1,968,1011,NA,6,NA,NA,6,NA,NA,6,NA,12.7,6,NA,14.6,6,NA,15.2,6,NA,2002-10-10 09:23:00,4936
2002-09-26 09:00:00,DCNN,6366,DLY3208,1,968,1011,NA,6,NA,NA,6,NA,NA,6,NA,12.6,6,NA,14.3,6,NA,15.1,6,NA,2002-10-10 09:23:00,4936
2002-09-27 09:00:00,DCNN,6366,DLY3208,1,968,1011,NA,6,NA,NA,6,NA,NA,6,NA,13.2,6,NA,14.1,6,NA,15,6,NA,2002-10-10 09:23:00,4936
2002-09-28 09:00:00,DCNN,6366,DLY3208,1,968,1011,NA,6,NA,NA,6,NA,NA,6,NA,13.4,6,NA,14.2,6,NA,15,6,NA,2002-10-10 09:23:00,4936
2002-09-29 09:00:00,DCNN,6366,DLY3208,1,968,1011,NA,NA,NA,NA,NA,NA,NA,NA,NA,13.8,6,NA,14.4,6,NA,15,6,NA,2002-10-10 09:23:00,4936
2002-09-30 09:00:00,DCNN,6366,DLY3208,1,968,1011,NA,6,NA,NA,6,NA,NA,6,NA,14.4,6,NA,14.8,6,NA,15.1,6,NA,2002-10-10 09:23:00,4936
2002-10-01 09:00:00,DCNN,6366,DLY3208,1,968,1011,NA,NA,NA,NA,NA,NA,NA,NA,NA,14.4,6,NA,14.8,6,NA,15,6,NA,2002-11-13 11:47:00,66
2002-10-02 09:00:00,DCNN,6366,DLY3208,1,968,1011,NA,NA,NA,NA,NA,NA,NA,NA,NA,14.6,6,NA,14.9,6,NA,15,6,NA,2002-11-13 11:47:00,67
2002-10-03 09:00:00,DCNN,6366,DLY3208,1,968,1011,NA,NA,NA,NA,NA,NA,NA,NA,NA,15,6,NA,15.2,6,NA,15.2,6,NA,2002-11-13 11:47:00,67
2002-10-04 09:00:00,DCNN,6366,DLY3208,1,968,1011,NA,NA,NA,NA,NA,NA,NA,NA,NA,14,6,NA,14.8,6,NA,15,6,NA,2002-11-13 11:47:00,67
2002-10-05 09:00:00,DCNN,6366,DLY3208,1,968,1011,NA,NA,NA,NA,NA,NA,NA,NA,NA,14.1,6,NA,14.5,6,NA,14.9,6,NA,2002-11-13 11:47:00,67
2002-10-06 09:00:00,DCNN,6366,DLY3208,1,968,1011,NA,NA,NA,NA,NA,NA,NA,NA,NA,14.2,6,NA,14.6,6,NA,14.8,6,NA,2002-11-13 11:47:00,67
2002-10-07 09:00:00,DCNN,6366,DLY3208,1,968,1011,NA,NA,NA,NA,NA,NA,NA,NA,NA,13.6,6,NA,14.5,6,NA,14.8,6,NA,2002-11-13 11:47:00,67
2002-10-08 09:00:00,DCNN,6366,DLY3208,1,968,1011,NA,NA,NA,NA,NA,NA,NA,NA,NA,13.6,6,NA,14.2,6,NA,14.7,6,NA,2002-11-13 11:47:00,67
2002-10-09 09:00:00,DCNN,6366,DLY3208,1,968,1011,NA,NA,NA,NA,NA,NA,NA,NA,NA,13.4,6,NA,14.2,6,NA,14.6,6,NA,2002-11-13 11:47:00,67
2002-10-10 09:00:00,DCNN,6366,DLY3208,1,968,1011,NA,NA,NA,NA,NA,NA,NA,NA,NA,12.7,6,NA,13.8,6,NA,14.5,6,NA,2002-11-13 11:47:00,67
2002-10-11 09:00:00,DCNN,6366,DLY3208,1,968,1011,NA,NA,NA,NA,NA,NA,NA,NA,NA,12.5,6,NA,13.5,6,NA,14.4,6,NA,2002-11-13 11:47:00,67
2002-10-12 09:00:00,DCNN,6366,DLY3208,1,968,1011,NA,NA,NA,NA,NA,NA,NA,NA,NA,11.8,6,NA,13,6,NA,14,6,NA,2002-11-13 11:47:00,67
2002-10-13 09:00:00,DCNN,6366,DLY3208,1,968,1011,NA,NA,NA,NA,NA,NA,NA,NA,NA,11.5,6,NA,12.6,6,NA,13.8,6,NA,2002-11-13 11:47:00,67
2002-10-14 09:00:00,DCNN,6366,DLY3208,1,968,1011,NA,NA,NA,NA,NA,NA,NA,NA,NA,11.1,6,NA,12.4,6,NA,13.6,6,NA,2002-11-13 11:47:00,67
2002-10-15 09:00:00,DCNN,6366,DLY3208,1,968,1011,NA,NA,NA,NA,NA,NA,NA,NA,NA,11.2,6,NA,12.4,6,NA,13.7,6,NA,2002-11-13 11:47:00,67
2002-10-16 09:00:00,DCNN,6366,DLY3208,1,968,1011,NA,NA,NA,NA,NA,NA,NA,NA,NA,10.4,6,NA,11.9,6,NA,13.4,6,NA,2002-11-13 11:47:00,67
2002-10-17 09:00:00,DCNN,6366,DLY3208,1,968,1011,NA,NA,NA,NA,NA,NA,NA,NA,NA,9.5,6,NA,11.3,6,NA,13.2,6,NA,2002-11-13 11:47:00,67
2002-10-18 09:00:00,DCNN,6366,DLY3208,1,968,1011,NA,NA,NA,NA,NA,NA,NA,NA,NA,9.1,6,NA,11,6,NA,13,6,NA,2002-11-13 11:47:00,67
2002-10-19 09:00:00,DCNN,6366,DLY3208,1,968,1011,NA,NA,NA,NA,NA,NA,NA,NA,NA,8.2,6,NA,10.4,6,NA,12.8,6,NA,2002-11-13 11:47:00,67
2002-10-20 09:00:00,DCNN,6366,DLY3208,1,968,1011,NA,NA,NA,NA,NA,NA,NA,NA,NA,7.3,6,NA,9.7,6,NA,12.5,6,NA,2002-11-13 11:47:00,68
2002-10-21 09:00:00,DCNN,6366,DLY3208,1,968,1011,NA,NA,NA,NA,NA,NA,NA,NA,NA,7,6,NA,9.3,6,NA,12.2,6,NA,2002-11-13 11:47:00,68
2002-10-22 09:00:00,DCNN,6366,DLY3208,1,968,1011,NA,NA,NA,NA,NA,NA,NA,NA,NA,7.3,6,NA,8.7,6,NA,11.8,6,NA,2002-11-13 11:47:00,68
2002-10-23 09:00:00,DCNN,6366,DLY3208,1,968,1011,NA,NA,NA,NA,NA,NA,NA,NA,NA,7.5,6,NA,8.9,6,NA,11.6,6,NA,2002-11-13 11:47:00,68
2002-10-24 09:00:00,DCNN,6366,DLY3208,1,968,1011,NA,NA,NA,NA,NA,NA,NA,NA,NA,7.4,6,NA,9,6,NA,11.6,6,NA,2002-11-13 11:47:00,68
2002-10-25 09:00:00,DCNN,6366,DLY3208,1,968,1011,NA,NA,NA,NA,NA,NA,NA,NA,NA,7.2,6,NA,8.9,6,NA,11.4,6,NA,2002-11-13 11:47:00,68
2002-10-26 09:00:00,DCNN,6366,DLY3208,1,968,1011,NA,NA,NA,NA,NA,NA,NA,NA,NA,7.4,6,NA,8.8,6,NA,11.1,6,NA,2002-11-13 11:47:00,69
2002-10-27 09:00:00,DCNN,6366,DLY3208,1,968,1011,NA,NA,NA,NA,NA,NA,NA,NA,NA,7.4,6,NA,8.6,6,NA,11,6,NA,2002-11-13 11:47:00,69
2002-10-28 09:00:00,DCNN,6366,DLY3208,1,968,1011,NA,NA,NA,NA,NA,NA,NA,NA,NA,7.4,6,NA,8.6,6,NA,11,6,NA,2002-11-13 11:47:00,69
2002-10-29 09:00:00,DCNN,6366,DLY3208,1,968,1011,NA,NA,NA,NA,NA,NA,NA,NA,NA,7.4,6,NA,8.6,6,NA,10.9,6,NA,2002-11-13 11:47:00,70
2002-10-30 09:00:00,DCNN,6366,DLY3208,1,968,1011,NA,NA,NA,NA,NA,NA,NA,NA,NA,7.4,6,NA,8.6,6,NA,11,6,NA,2002-11-13 11:47:00,70
2002-10-31 09:00:00,DCNN,6366,DLY3208,1,968,1011,NA,NA,NA,NA,NA,NA,NA,NA,NA,7.4,6,NA,8.6,6,NA,10.6,6,NA,2002-11-13 11:47:00,70
2002-11-01 09:00:00,DCNN,6366,DLY3208,1,968,1011,NA,NA,NA,NA,NA,NA,NA,NA,NA,7.5,6,NA,8.6,6,NA,10.5,6,NA,2002-12-20 12:03:00,4
2002-11-02 09:00:00,DCNN,6366,DLY3208,1,968,1011,NA,NA,NA,NA,NA,NA,NA,NA,NA,8.4,6,NA,8.7,6,NA,10.5,6,NA,2002-12-20 12:03:00,4
2002-11-03 09:00:00,DCNN,6366,DLY3208,1,968,1011,NA,NA,NA,NA,NA,NA,NA,NA,NA,9,6,NA,8.8,6,NA,10.6,6,NA,2002-12-20 12:03:00,4
2002-11-04 09:00:00,DCNN,6366,DLY3208,1,968,1011,NA,NA,NA,NA,NA,NA,NA,NA,NA,9,6,NA,8.8,6,NA,10.6,6,NA,2002-12-20 12:03:00,4
2002-11-05 09:00:00,DCNN,6366,DLY3208,1,968,1011,NA,NA,NA,NA,NA,NA,NA,NA,NA,9.2,6,NA,9.1,6,NA,10.5,6,NA,2002-12-20 12:03:00,4
2002-11-06 09:00:00,DCNN,6366,DLY3208,1,968,1011,NA,NA,NA,NA,NA,NA,NA,NA,NA,9.8,6,NA,9.6,6,NA,10.5,6,NA,2002-12-20 12:03:00,4
2002-11-07 09:00:00,DCNN,6366,DLY3208,1,968,1011,NA,NA,NA,NA,NA,NA,NA,NA,NA,9.2,6,NA,9.7,6,NA,10.5,6,NA,2002-12-20 12:03:00,4
2002-11-08 09:00:00,DCNN,6366,DLY3208,1,968,1011,NA,NA,NA,NA,NA,NA,NA,NA,NA,8.4,6,NA,9.6,6,NA,10.3,6,NA,2002-12-20 12:03:00,4
2002-11-09 09:00:00,DCNN,6366,DLY3208,1,968,1011,NA,NA,NA,NA,NA,NA,NA,NA,NA,8,6,NA,9.2,6,NA,10,6,NA,2002-12-20 12:03:00,4
2002-11-10 09:00:00,DCNN,6366,DLY3208,1,968,1011,NA,NA,NA,NA,NA,NA,NA,NA,NA,7.6,6,NA,8.8,6,NA,9.8,6,NA,2002-12-20 12:03:00,4
2002-11-11 09:00:00,DCNN,6366,DLY3208,1,968,1011,NA,NA,NA,NA,NA,NA,NA,NA,NA,7.9,6,NA,8.6,6,NA,9.6,6,NA,2002-12-20 12:03:00,4
2002-11-12 09:00:00,DCNN,6366,DLY3208,1,968,1011,NA,NA,NA,NA,NA,NA,NA,NA,NA,7.5,6,NA,8.5,6,NA,9.6,6,NA,2002-12-20 12:03:00,4
2002-11-13 09:00:00,DCNN,6366,DLY3208,1,968,1011,NA,NA,NA,NA,NA,NA,NA,NA,NA,7.2,6,NA,8.3,6,NA,9.4,6,NA,2002-12-20 12:03:00,4
2002-11-14 09:00:00,DCNN,6366,DLY3208,1,968,1011,NA,NA,NA,NA,NA,NA,NA,NA,NA,7.1,6,NA,8.1,6,NA,9.3,6,NA,2002-12-20 12:03:00,4
2002-11-15 09:00:00,DCNN,6366,DLY3208,1,968,1011,NA,NA,NA,NA,NA,NA,NA,NA,NA,7.4,6,NA,8.1,6,NA,9.2,6,NA,2002-12-20 12:03:00,4
2002-11-16 09:00:00,DCNN,6366,DLY3208,1,968,1011,NA,NA,NA,NA,NA,NA,NA,NA,NA,6.8,6,NA,7.9,6,NA,9.2,6,NA,2002-12-20 12:03:00,4
2002-11-17 09:00:00,DCNN,6366,DLY3208,1,968,1011,NA,NA,NA,NA,NA,NA,NA,NA,NA,6.6,6,NA,7.8,6,NA,9.1,6,NA,2002-12-20 12:03:00,4
2002-11-18 09:00:00,DCNN,6366,DLY3208,1,968,1011,NA,NA,NA,NA,NA,NA,NA,NA,NA,6.4,6,NA,7.7,6,NA,9,6,NA,2002-12-20 12:03:00,4
2002-11-19 09:00:00,DCNN,6366,DLY3208,1,968,1011,NA,NA,NA,NA,NA,NA,NA,NA,NA,6.5,6,NA,7.6,6,NA,8.9,6,NA,2002-12-20 12:03:00,4
2002-11-20 09:00:00,DCNN,6366,DLY3208,1,968,1011,NA,NA,NA,NA,NA,NA,NA,NA,NA,6.5,6,NA,7.8,6,NA,9,6,NA,2002-12-20 12:03:00,4
2002-11-21 09:00:00,DCNN,6366,DLY3208,1,968,1011,NA,NA,NA,NA,NA,NA,NA,NA,NA,6.9,6,NA,7.5,6,NA,8.6,6,NA,2002-12-20 12:03:00,4
2002-11-22 09:00:00,DCNN,6366,DLY3208,1,968,1011,NA,NA,NA,NA,NA,NA,NA,NA,NA,6.9,6,NA,7.5,6,NA,8.6,6,NA,2002-12-20 12:03:00,4
2002-11-23 09:00:00,DCNN,6366,DLY3208,1,968,1011,NA,NA,NA,NA,NA,NA,NA,NA,NA,7.1,6,NA,7.6,6,NA,8.6,6,NA,2002-12-20 12:03:00,4
2002-11-24 09:00:00,DCNN,6366,DLY3208,1,968,1011,NA,NA,NA,NA,NA,NA,NA,NA,NA,7.1,6,NA,7.6,6,NA,8.6,6,NA,2002-12-20 12:03:00,4
2002-11-25 09:00:00,DCNN,6366,DLY3208,1,968,1011,NA,NA,NA,NA,NA,NA,NA,NA,NA,6.7,6,NA,7.6,6,NA,8.5,6,NA,2002-12-20 12:03:00,4
2002-11-26 09:00:00,DCNN,6366,DLY3208,1,968,1011,NA,NA,NA,NA,NA,NA,NA,NA,NA,6.8,6,NA,7.6,6,NA,8.5,6,NA,2002-12-20 12:03:00,4
2002-11-27 09:00:00,DCNN,6366,DLY3208,1,968,1011,NA,NA,NA,NA,NA,NA,NA,NA,NA,7.4,6,NA,7.6,6,NA,8.5,6,NA,2002-12-20 12:03:00,4
2002-11-28 09:00:00,DCNN,6366,DLY3208,1,968,1011,NA,NA,NA,NA,NA,NA,NA,NA,NA,7.6,6,NA,7.9,6,NA,8.7,6,NA,2002-12-20 12:03:00,4
2002-11-29 09:00:00,DCNN,6366,DLY3208,1,968,1011,NA,NA,NA,NA,NA,NA,NA,NA,NA,7.5,6,NA,8.2,6,NA,8.9,6,NA,2002-12-20 12:03:00,4
2002-11-30 09:00:00,DCNN,6366,DLY3208,1,968,1011,NA,NA,NA,NA,NA,NA,NA,NA,NA,7.7,6,NA,8.3,6,NA,9,6,NA,2002-12-20 12:03:00,4
2002-12-01 09:00:00,DCNN,6366,DLY3208,1,968,1011,NA,NA,NA,NA,NA,NA,NA,NA,NA,7.7,6,NA,8.4,6,NA,9,6,NA,2003-01-17 10:12:00,39
2002-12-02 09:00:00,DCNN,6366,DLY3208,1,968,1011,NA,NA,NA,NA,NA,NA,NA,NA,NA,7.6,6,NA,8.4,6,NA,9,6,NA,2003-01-17 10:12:00,39
2002-12-03 09:00:00,DCNN,6366,DLY3208,1,968,1011,NA,NA,NA,NA,NA,NA,NA,NA,NA,7.4,6,NA,8.3,6,NA,9,6,NA,2003-01-17 10:12:00,39
2002-12-04 09:00:00,DCNN,6366,DLY3208,1,968,1011,NA,NA,NA,NA,NA,NA,NA,NA,NA,7.4,6,NA,8.2,6,NA,9,6,NA,2003-01-17 10:12:00,39
2002-12-05 09:00:00,DCNN,6366,DLY3208,1,968,1011,NA,NA,NA,NA,NA,NA,NA,NA,NA,7,6,NA,8.3,6,NA,9,6,NA,2003-01-17 10:12:00,39
2002-12-06 09:00:00,DCNN,6366,DLY3208,1,968,1011,NA,NA,NA,NA,NA,NA,NA,NA,NA,6.3,6,NA,7.8,6,NA,8.9,6,NA,2003-01-17 10:12:00,39
2002-12-07 09:00:00,DCNN,6366,DLY3208,1,968,1011,NA,NA,NA,NA,NA,NA,NA,NA,NA,6.1,6,NA,7.6,6,NA,8.8,6,NA,2003-01-17 10:12:00,39
2002-12-08 09:00:00,DCNN,6366,DLY3208,1,968,1011,NA,NA,NA,NA,NA,NA,NA,NA,NA,5.7,6,NA,7.4,6,NA,8.7,6,NA,2003-01-17 10:12:00,39
2002-12-09 09:00:00,DCNN,6366,DLY3208,1,968,1011,NA,NA,NA,NA,NA,NA,NA,NA,NA,5.6,6,NA,7.2,6,NA,8.6,6,NA,2003-01-17 10:12:00,39
2002-12-10 09:00:00,DCNN,6366,DLY3208,1,968,1011,NA,NA,NA,NA,NA,NA,NA,NA,NA,5.4,6,NA,7,6,NA,8.5,6,NA,2003-01-17 10:12:00,39
2002-12-11 09:00:00,DCNN,6366,DLY3208,1,968,1011,NA,NA,NA,NA,NA,NA,NA,NA,NA,5,6,NA,6.9,6,NA,8.4,6,NA,2003-01-17 10:12:00,39
2002-12-12 09:00:00,DCNN,6366,DLY3208,1,968,1011,NA,NA,NA,NA,NA,NA,NA,NA,NA,4.3,6,NA,6.5,6,NA,8.2,6,NA,2003-01-17 10:12:00,39
2002-12-13 09:00:00,DCNN,6366,DLY3208,1,968,1011,NA,NA,NA,NA,NA,NA,NA,NA,NA,4,6,NA,6.4,6,NA,8,6,NA,2003-01-17 10:12:00,39
2002-12-14 09:00:00,DCNN,6366,DLY3208,1,968,1011,NA,NA,NA,NA,NA,NA,NA,NA,NA,4.1,6,NA,6.1,6,NA,8,6,NA,2003-01-17 10:12:00,39
2002-12-15 09:00:00,DCNN,6366,DLY3208,1,968,1011,NA,NA,NA,NA,NA,NA,NA,NA,NA,4.5,6,NA,6,6,NA,7.9,6,NA,2003-01-17 10:12:00,39
2002-12-16 09:00:00,DCNN,6366,DLY3208,1,968,1011,NA,NA,NA,NA,NA,NA,NA,NA,NA,4.6,6,NA,6.2,6,NA,7.9,6,NA,2003-01-17 10:12:00,39
2002-12-17 09:00:00,DCNN,6366,DLY3208,1,968,1011,NA,NA,NA,NA,NA,NA,NA,NA,NA,4.4,6,NA,6,6,NA,7.6,6,NA,2003-01-17 10:12:00,39
2002-12-18 09:00:00,DCNN,6366,DLY3208,1,968,1011,NA,NA,NA,NA,NA,NA,NA,NA,NA,3.6,6,NA,5.6,6,NA,7.4,6,NA,2003-01-17 10:12:00,39
2002-12-19 09:00:00,DCNN,6366,DLY3208,1,968,1011,NA,NA,NA,NA,NA,NA,NA,NA,NA,3,6,NA,5,6,NA,7.1,6,NA,2003-01-17 10:12:00,39
2002-12-20 09:00:00,DCNN,6366,DLY3208,1,968,1011,NA,NA,NA,NA,NA,NA,NA,NA,NA,2.5,6,NA,4.8,6,NA,6.9,6,NA,2003-01-17 10:12:00,39
2002-12-21 09:00:00,DCNN,6366,DLY3208,1,968,1011,NA,NA,NA,NA,NA,NA,NA,NA,NA,2.4,6,NA,4.5,6,NA,6.8,6,NA,2003-01-17 10:12:00,39
2002-12-22 09:00:00,DCNN,6366,DLY3208,1,968,1011,NA,NA,NA,NA,NA,NA,NA,NA,NA,2.1,6,NA,4.2,6,NA,6.6,6,NA,2003-01-17 10:12:00,40
2002-12-23 09:00:00,DCNN,6366,DLY3208,1,968,1011,NA,NA,NA,NA,NA,NA,NA,NA,NA,2.5,6,NA,4.2,6,NA,6.6,6,NA,2003-01-17 10:12:00,40
2002-12-24 09:00:00,DCNN,6366,DLY3208,1,968,1011,NA,NA,NA,NA,NA,NA,NA,NA,NA,4.3,6,NA,4.9,6,NA,7,6,NA,2003-01-17 10:12:00,40
2002-12-25 09:00:00,DCNN,6366,DLY3208,1,968,1011,NA,NA,NA,NA,NA,NA,NA,NA,NA,5.8,6,NA,6,6,NA,7.4,6,NA,2003-01-17 10:12:00,40
2002-12-26 09:00:00,DCNN,6366,DLY3208,1,968,1011,NA,NA,NA,NA,NA,NA,NA,NA,NA,6.4,6,NA,6.6,6,NA,7.5,6,NA,2003-01-17 10:12:00,40
2002-12-27 09:00:00,DCNN,6366,DLY3208,1,968,1011,NA,NA,NA,NA,NA,NA,NA,NA,NA,6.6,6,NA,7,6,NA,7.6,6,NA,2003-01-17 10:12:00,40
2002-12-28 09:00:00,DCNN,6366,DLY3208,1,968,1011,NA,NA,NA,NA,NA,NA,NA,NA,NA,6.6,6,NA,7.3,6,NA,7.7,6,NA,2003-01-17 10:12:00,40
2002-12-29 09:00:00,DCNN,6366,DLY3208,1,968,1011,NA,NA,NA,NA,NA,NA,NA,NA,NA,6.6,6,NA,7.2,6,NA,7.7,6,NA,2003-01-17 10:12:00,40
2002-12-30 09:00:00,DCNN,6366,DLY3208,1,968,1011,NA,NA,NA,NA,NA,NA,NA,NA,NA,6.6,6,NA,7.2,6,NA,7.7,6,NA,2003-01-17 10:12:00,40
2002-12-31 09:00:00,DCNN,6366,DLY3208,1,968,1011,NA,NA,NA,NA,NA,NA,NA,NA,NA,6,6,NA,7,6,NA,7.6,6,NA,2003-01-17 10:12:00,40
end data
